|pemerintahan|,aku tani indramayu tipu jura janji garap sawah lahan tebu 
|pemerintahan|,anggota dprd indramayu fraksi demokrat sangka bentrok rebut lahan akibat bentrok tani tewas 
|pemerintahan|,anggota dprd indramayu fraksi  sangka tewas tani tebu aktivis ham mana 
|pemerintahan|,anggota dprd indramayu sanksi paw usul interpelasi bupati 
|pemerintahan|,anggota dprd jabar abdul rozaq muslim sidang adil tipikor bandung kait suap proyek pemkab indramayu
|pemerintahan|,anggota dprd kabupaten indramayu aku kecewa ketidakhadiran bupati indramayu nina agustina rapat paripurna hak 
|pemerintahan|,bentrok tewas tani polisi tetap orang sangka polisi tetap sangka bentrok lahan tebu kabupaten indramayu jawa barat salah satu anggota dprd indramayu fraksi demokrat 
|pemerintahan|,berita kpk sidang jasindo agenda terang saksi kpu periksa dedi mulyadi saksi banprov indramayu
|pemerintahan|,berkas limpah kpk adil suap proyek indramayu sidang komisi berantas korupsi kpk limpah berkas perkara sangka duga suap atur proyek kabupaten indramayu anggar 
|pemerintahan|,bupati hadir rapat dprd indramayu warna interupsi
|pemerintahan|,bupati indramayu hak interpelasi dprd 
|pemerintahan|,bupati indramayu jembatan timbang losarang indramayu 
|pemerintahan|,bupati indramayu mangkir interpelasi pkspd hak angket 
|pemerintahan|,bupati indramayu nina agustina kabupaten indramayu level ppkm masyarakat tenang panik
|pemerintahan|,bupati nina agustina hak interpelasi dprd indramayu 
|pemerintahan|,anggota dprd indramayu fraksi demokrat sangka bentrok rebut lahan akibat bentrok tani tewas
|pemerintahan|,anggota dprd indramayu fraksi sangka tewas tani tebu aktivis ham mana 
|pemerintahan|,anggota dprd indramayu sanksi paw usul interpelasi bupati 
|pemerintahan|,anggota dprd jabar abdul rozaq muslim sidang adil tipikor bandung kait suap proyek pemkab indramayu 
|pemerintahan|,anggota dprd kabupaten indramayu aku kecewa ketidakhadiran bupati indramayu nina agustina rapat paripurna hak 
|pemerintahan|,angin kencang gelombang landa air utara jawa barat dinas laut ikan kabupaten indramayu 
|pemerintahan|,bentrok tewas tani polisi tetap orang sangka polisi tetap sangka bentrok lahan tebu kabupaten indramayu jawa barat salah satu anggota dprd indramayu fraksi demokrat
|pemerintahan|,berkas limpah kpk adil suap proyek indramayu sidang komisi berantas korupsi kpk limpah berkas perkara sangka duga suap atur proyek kabupaten indramayu
|pemerintahan|,bupati hadir rapat dprd indramayu warna interupsi 
|pemerintahan|,dprd indramayu aju hak interpelasi bupati indramayu salah isi hubung bupati wabup luckyhakim nilai harmonis 
|pemerintahan|,vaksinasi lokasi wisata indramayu 
|pemerintahan|,bupati indramayu jawa barat nina agustina tampil bawa tari topeng kelana gandrung pukau ingat pers nasional rumah jabat gubernur sulawesi tenggara kendari senin 
|pemerintahan|,bupati indramayu kunjung kepala sekolah prestasi 
|pemerintahan|,bupati indramayu latih tari topeng kelana gandrung tampil kendari 
|pemerintahan|,bupati indramayu nina agustina da i bachtiar sambut hangat datang badan periksa uang bpk pendopo indramayu selasa 
|pemerintahan|,bupati indramayu nina agustina peran umkm ekonomi kabupaten indramayu samping temu tantang hadap umkm kelas
|pemerintahan|,bupati indramayu nina agustina raih anugerah budaya pwi pusat bupati indramayu nina agustina terima harga anugerah budaya ak satu wartawan indonesia pwi pusat 
|pemerintahan|,bupati indramayu nina agustina raih harga pwi pers nasional  baru agustina
|pemerintahan|,bupati indramayu nina agustina suguh spesial sambut pers nasional tampil bawa tari topeng kelana gandrung 
|pemerintahan|,bupati indramayu nina agustina sumber pad indramayu tuju meminimalisir muat bahaya guna jalan rusak kondisi badan jalan
|pemerintahan|,bupati indramayu nina agustina tampil tari topeng kelana gandrung semarak hpn kendari 
|pemerintahan|,bupati indramayu nina agustina tari tari topeng kelana gandrung acara hpn  baru acara agustina
|pemerintahan|,bupati indramayu nina agustina terima harga anugerah budaya ak satu wartawan indonesia pwi pusat puncak ingat pers nasional hpn rabu
|pemerintahan|,bupati indramayu papar program i ceta dialog budaya hpn 
|pemerintahan|,bupati indramayu raih harga anugerah budaya puncak acara hpn 
|pemerintahan|,bupati indramayu rombong tamu khusus gubernur sultra 
|pemerintahan|,akibat musibah rumah bakar roboh warga cikedung bantu bupati nina agustina 
|pemerintahan|,alhamdulillah selasa november perda pesantren sah kabupaten indramayu politik pkb politik hadir politik tahun dpp pkp
|pemerintahan|,alhamdulillahirobbil alamin perda pesantren kabupaten indramayu resmi sah pesantren sarana didik dakwah kembang sumber daya harap butuh perhati lembaga didik peduli ummat layan rakyat
|pemerintahan|,bkd bagi motor dinas asn 
|pemerintahan|,bupati indramayu elemen aktif tanggulang bencana 
|pemerintahan|,bupati indramayu hadir rapat paripurna dprd jelas sekda 
|pemerintahan|,bupati nina peduli seni budaya indramayu 
|pemerintahan|,bupati nina salur bantu warga rumah bakar roboh 
|pemerintahan|,akibat musibah rumah bakar roboh warga cikedung bantu bupati nina agustina 
|lainnya|,akibat lambung kiri alami bocor kapal nelayan air eret wetan camat kandanghaur kabupaten indramayu tenggelam 
|lainnya|,angka cerai kabupaten indramayu kemarin adil agama indramayu catat usia nikah 
|lainnya|,hah indramayu nih ko orang indramayu gatau berita
|lainnya|,sama kakk indramayu msh hujan pas jam setengh ujan nya gde bgt smp sawah yg pagi tdi air nya udh kering udh banjir lgi
|lainnya|,baca berita celaka gini inget indramayu syukur selamat allah yg bawa mobil panik ngeguling nabrak trotoar gue yg istilah body mobil blkg penyok dikit aja skrg rada trauma gimana gala
|lainnya|, kampung gw indramayu valid sih indramayu isi sawah jarang pohon rimbun
|lainnya|,inget pas indramayu brg  bawa sawah google maps
|lainnya|,boneka ayam jago jayol indramayu mati pasar internasional 
|lainnya|,cekam detik detik usaha evakuasi abk kapal ikan karam air indramayu jawa barat korban seret gelombang angin kencang 
|lainnya|,celaka laut kapal nelayan air eret camat kandanghaur tel korban jiwa perhati bupati indramayu hj nina agustina bupati nina prihatin 
|lainnya|,celaka maut indramayu maju adil ayah korban 
|lainnya|,celaka maut jalan pantura indramayu wanita hamil tewas
|lainnya|,deret janda jawabarat indramayu dominasi angka 
|lainnya|,akibat lambung kiri alami bocor kapal nelayan air eret wetan camat kandanghaur kabupaten indramayu tenggelam
|lainnya|,angka cerai kabupaten indramayu kemarin adil agama indramayu catat usia nikah 
|lainnya|,duga akibat kosleting listrik mesin mobil truk kontainer bakar hebat jalur pantura camat losarang kabupaten indramayu jumat sore 
|lainnya|,geger temu mayat wanita telanjang pesisir pantai cantigi indramayu 
|lainnya|,iis dahlia gugat cerai suami adil agama indramayu cerai pandemi 
|lainnya|,indramayu laku tindak pidana tubuh anak umur  jalan sidang adil negeri pn indramayu rabu
|lainnya|,indramayu tkw indramayu  vonis penjara dagang narkoba adil negeri hongkong vonis jatuh hakim 
|lainnya|,nelayan kabupaten indramayu jawa barat alpandi hilang perahu tumpang bocor tenggelam nelayanhilang 
|lainnya|,nilai kordinasi usul hak interpelasi dprd indramayu ruyanto ancam pecat 
|lainnya|,perahu bocor nelayan indramayu lapor hilang air eret 
|lainnya|,saudara saya indramayu kena oknum adlh mafia tanah bkrja dgn aparat adil polisi
|lainnya|,sidang perdana insiden darah lahan tebu batas kabupaten indramayu majalengka gelar adil negeri kabupaten indramayu ijo
|lainnya|,bpbd indramayu mapping potensi bencana 
|lainnya|,bri ambil langkah cepat bantu tanggap bencana masyarakat dampak banjir 
|lainnya|,giat rapat kerja laksana kamis januari jumat januari awal sambut wakil ketua adil agama indramayu
|lainnya|,giat tertib emis amen anak punk traffic light wilayah indramayu kota data kirim dinas sosial kabupaten indramayu
|lainnya|,hai kawanlaut kantor upp kelas iii indramayu dharma wanita ada giat bakti sosial masyarakat desa babad camat sindang kabupaten indramayu 
|lainnya|,hati hati ombak laut utara jawa bupati nina pesan nelayan laut 
|lainnya|,indramayu denny achmad  laksana giat pantau sidang tipiring kait langgar prokes laku batas giat masyarakat ppkm balai desa jatibarang kab indramayu hadir giat ketua adil negeri indramayu
|lainnya|,organisasi wartawan indramayu sepakat tempat gedung eks adil 
|lainnya|,rangka jaga hubung silaturahmi sinergitas polres indramayu adil negeri indramayu cipta situasi kamtibmas aman damai kondusif akpol divisihumaspolri ssdm polri multimedia humaspolri humaspolda jabar 
|lainnya|,selamat sukses lantik drs h musthofa kamal m h wakil ketua adil agama indramayu moga emban tugas amanah jujur adil selamat adil agama indramayu
|lainnya|,dalam kesempatan dandim indramayu juga mengamini agar sama menciptakan rasa aman kondusif baik dilingkungan lapas maupun wilayah indramayu sehingga indramayu bisa lebih baik maju
|lainnya|,cerdas handal berpatriolisme yang tinggi dibawah naungan mulia asri indramayu religius maju mandiri sejahtera
|lainnya|,selamat ulang tahun kota indramayu semoga semakin maju berkembang
|lainnya|,indramayu harus terus maju terus berprestasi
|lainnya|,"Desa saya Indramayu sah, tapi Indramayu dipenuhi persawahan dan jarang ada pepohonan yang rimbun"
|lainnya|,"oh my god, ini stasiun memori yang bagus dari masa lalu ketika liburan sekolah, dr Indramayu selalu ada di sini, kan"
|lainnya|,"Banyak ndagel di Cirebon, Indramayu, kadang pulang sekolah mau tawuran dengan sekolah lain."
|lainnya|,"aktif, disiplin, pancar, amin, punk traffic light, daerah indramayu, kota, kirim data ke dinas sosial kabupaten indramayu"
|lainnya|,"hektar sawah di Desa Telukagung, Kecamatan Indramayu, Kabupaten Indramayu, petani terlantar enggan memanfaatkan lahan"
|lainnya|,jadwal samsat keliling cirebon indramayu majalengka dan kuningan juni untuk bayar pajak kendaraan
|lainnya|,pada juga pembangunan asrama haji di kabupaten indramayu segera selesai
|lainnya|,rencana pemadaman listrik indramayu juni
|lainnya|,wika bekerja sama dengan palang merah indonesia pmi untuk menyelenggarakan kegiatan donor darah pada rabu
|lainnya|,heboh wanita muda di indramayu melahirkan di tepi jalan persalinan di motor roda
|wisata|,air laut di sekitar objek wisata pantai balongan indah kecamatan balongan kabupaten indramayu mendadak berubah
|wisata|,akibat terjadinya abrasi pantai wisata karangsong kabupaten indramayu terancam tenggelam derasnya ombak
|wisata|,sebuah lapak pedagang tidak ditempati akibat abrasi di pantai karangsong indramayu
|wisata|,retribusi dan pad di sektor objek wisata di kabupaten indramayu dinilai rendah dprd kabupaten indramayu merencan
|wisata|,dinas budaya pariwisata tutup aktivitas objek wisata pantai tirtamaya camat juntinyuat kabupaten indramayu 
|wisata|,pek tutup wisata pantai tirtamaya camat juntinyuat kabupaten indramayu buka perintah kabupaten 
|wisata|,objek wisata pantai tirtamaya desa juntikedokan camat juntinyuat kabupaten indramayu tutup objek wisata legendaris bumi wiralodra terus tutup perintah kabupaten pemkab indramayu langsung ambil inisiatif 
|wisata|,cegah tular covid polsek balong jajar polres indramayu laksana awas prokes bagi masker objek wisata 
|wisata|,bidang pariwisata disbudpar kabupaten indramayu terap protokol sehat objek wisata libur natal 
|wisata|,cegah tular covid polsek balong jajar polres indramayu laksana awas prokes bagi masker objek wisata
|wisata|,giat patroli wisata pantai tanah merah ds kali menir kec kandanghaur kab indramayu 
|wisata|,hai bagi wisata aplikasi desa wisata nusantara indramayu jabar sama pantai kemendespdtt
|wisata|,wisata hits indramayu viral pantai pataya nama main jetski murah
|wisata|,unjung tegang polisi nyanyi vaksinasi objek wisata kabupaten indramayu
|wisata|,isi pekan manfaat masyarakat libur wisata pantai karangsong kabupaten indramayu 
|wisata|,operasi lilin lodaya polsek juntinyuat jajar polres indramayu laksana himbauan prokes obyek wisata 
|wisata|,pemkab indramayu kelola wisata pantai tirtamaya 
|wisata|,sinergitas polsek jatibarang jajar polres indramayu koramil jatibarang laku himbauan prokes lokasi wisata 
|wisata|,pemkab indramayu kelola wisata pantai tirtamaya
|wisata|,ayoo wisata ke kab kota indramayu jawa barat dgn unduh aplikasi
|kesehatan|,dinas sehat kabupaten indramayu kirim hasil pcr orang duga omicron laboratorium sehat daerah provinsi jawa 
|kesehatan|,petugas satpol pp dan damkar indramayu gelar razia penyakit masyarakat di sejumlah titik perkotaan Kabupaten Indramayu
|kesehatan|,vaksinasi gratis lokasi wisata blendung indah indramayu 
|kesehatan|,vaksinasi lokasi wisata indramayu 
|kesehatan|,giat vaksinasi dosis booster lingkung dinas pariwisata pemuda olahraga kabupaten indramayu rabu 
|kesehatan|,telkomsel memberikan dukungan penuh kepada pemerintah kabupaten pemkab indramayu terutama dalam kegiatan pencegahan stunting yang dilakukan pembkab indramayu
|kesehatan|,pemberian perlengkapan prokes covid dari bpbd kabupaten indramayu untuk sekolah kecamatan sliyeg
|kesehatan|,kegiatan vaksinasi malam bulan ramadhan uptd puskesmas lohbener indramayu bermartabat
|kesehatan|,monitoring vaksinasi malam selepas tarawih desa majasari desa majasih senin april 2022
|kesehatan|,bakti sosial pemberian paket sembako kepada warga yang mengikuti bakti kesehatan pengobatan massal 
|kesehatan|,dalam upaya menekan angka kejadian penyakit dbd di wilayah indramayu puskesmas losarang bergerak cepat
|kesehatan|,tes skrining dan vaksinasi hepatitis sebelum ke lahan praktik bagi mahasiswa semester iv prodi sarjana kebidanan
|kesehatan|,dalam kegiatan kontrol ini kalapas juga memastikan ketersediaan obat obatan dalam keadaan layak atau tidak expired
|kesehatan|,kepala lapas indramayu lakukan kontrol bagian klinik indramayu guna memastikan kerapihan tempat pelayanan
|kesehatan|,kimia farma bersama dompet dhuafa berkolaboraksi dalam program bidan inspiratif untuk negeri
|kesehatan|,halloo sahabat dinkes indramayu cuaca tidak menentu seperti ini dapat menyebabkan tubuh kita tentang sakit loh
|kesehatan|,ayo bersama wujudkan indonesia bebas dengue dengan terapkan m plus menutup dan menguras tempat penampungan air
|kesehatan|,tinggi lonjak covid satu tugas covid camat balong kabupaten indramayu gencar pantau terap protokol 
|kesehatan|,"masuki musim hujan kasus demam berdarah dengue, di kabupaten indramayu meningkat tajam kasus dbd dalam satu bulan sudah menimpa orang"
|kesehatan|,"kasus konfirmasi positif covid di Kabupaten indramayu, kembali meledak grafik penularan covid di awal tahun terus merangkak naik"
|kesehatan|,virus korona masih mengintai di kecamatan jatibarang kabupaten indramayu tujuh pegawai puskesmas jatibarang terpapar covid
|kesehatan|,lalu bagaimana sikap kpcdi tentang rencana pemerintah yang akan menghapus layanan kelas dan bpjs kesehatan
